test,time,repeat
read_sql,481.4692027438432,10
join,5.902099197730422,10
calculate_dist,7.635175686329603,10
calculate_speed,11.345254693180323,10
median_smooth,50.40200803056359,10
aggregate,18.551496604457498,10
group_by,82.5089573673904,10
sort,19.95452214218676,10
multi_test,81.07459322735667,10
