test,time,repeat
read_sql,484.2165880165994,10
join,7.009932426735759,10
calculate_dist,7.939528858289123,10
calculate_speed,12.333346089348197,10
median_smooth,57.50998945906758,10
aggregate,28.081480441614985,10
group_by,88.72389259934425,10
sort,30.466212952509522,10
multi_test,88.06261499412358,10
