test,time,repeat
read_sql,474.02638538740575,10
join,5.196135735139251,10
calculate_dist,7.124869950115681,10
calculate_speed,11.80585533939302,10
median_smooth,50.081216387450695,10
aggregate,12.984809808433056,10
group_by,80.31454311311245,10
sort,15.145306346938014,10
multi_test,79.9840996414423,10
