test,time,repeat
read_sql,477.538859764114,10
join,11.12017972767353,10
calculate_dist,6.8796960432082415,10
calculate_speed,10.922729158774018,10
median_smooth,98.13862358033657,10
aggregate,74.45166590996087,10
group_by,155.83420985750854,10
sort,76.66115205921233,10
multi_test,148.10028505139053,10
