test,time,repeat
read_sql,478.30864433571696,10
join,4.127056926488876,10
calculate_dist,7.678939513862133,10
calculate_speed,11.762727458029985,10
median_smooth,58.022622525691986,10
aggregate,10.831121385097504,10
group_by,84.16586246527731,10
sort,14.89581230469048,10
multi_test,83.1962031275034,10
