test,time,repeat
read_sql,478.86990203149617,10
join,4.025205969810486,10
calculate_dist,7.612912153825164,10
calculate_speed,11.834772432222962,10
median_smooth,52.220025945454836,10
aggregate,11.80222887545824,10
group_by,86.26354557462037,10
sort,15.52519442141056,10
multi_test,85.97932819277048,10
